Title,Category,Content
Federal Reserve Signals Patience on Rate Cuts Amid Sticky Inflation,Business,"Recent meeting minutes from the Federal Reserve reveal that officials are taking a patient stance on interest rate cuts. Policymakers noted that inflation has been more persistent than anticipated, delaying the timeline for monetary easing. They plan to maintain the current high interest rates for a longer period to ensure inflation moves sustainably toward their 2% target. This cautious approach reflects uncertainty about the economic path and a commitment to preventing a resurgence in price pressures."
"Tech Giants Ramp Up AI Spending, Shaking Up Cloud Market",Business,"Major technology firms are heavily increasing their investments in artificial intelligence, a trend that is profoundly reshaping the cloud computing market. Companies like Amazon, Microsoft, and Google are dedicating billions to AI chips and data centers. This spending surge is driven by the high demand for AI services and is creating a new competitive landscape within the cloud industry. The focus has shifted from general cloud services to specialized AI capabilities, altering market dynamics and future growth trajectories."
The Return-to-Office Push Is Facing a New Hurdle: The Commute,Business,"The corporate push for employees to return to the office is encountering a significant obstacle: the daily commute. Workers are increasingly resistant due to rising transportation costs, time lost in traffic, and a preference for the flexibility gained during the pandemic. This hurdle complicates companies' efforts to restore pre-pandemic office cultures and attendance levels. As a result, many businesses are re-evaluating hybrid models and the true cost of mandating a full return to the office."
Global Supply Chains Show Signs of Strain Amid Red Sea Tensions,Business,"Global supply chains are experiencing renewed strain due to ongoing tensions and attacks in the Red Sea. Shipping companies are rerouting vessels around Africa, leading to longer transit times and significantly higher costs. This disruption affects the timely delivery of goods and increases inflationary pressures on consumer products worldwide. The situation highlights the vulnerability of critical maritime trade routes and poses a persistent challenge to international commerce and economic stability."
China's Property Sector Woes Deepen Despite Government Support,Business,"China's real estate sector continues to face a deepening crisis despite various government interventions aimed at stabilizing the market. Property sales and new construction are declining, and major developers are struggling with immense debt loads. Government support measures, such as relaxed purchasing rules and financial aid, have so far failed to spark a significant recovery. This persistent downturn in a key economic pillar poses a substantial risk to China's overall economic growth and financial stability."
"US Retail Sales Unexpectedly Flat in April, Raising Economic Questions",Business,"U.S. retail sales were unexpectedly stagnant in April, raising new questions about the strength of consumer spending and the overall economy. The flat figures suggest that high interest rates and persistent inflation may be starting to weigh more heavily on household budgets. This slowdown in consumer activity could be an early indicator of a cooling economy. Economists and Federal Reserve officials are closely watching these trends for signs of whether the economy is heading for a soft landing or a more significant downturn."
How Green Hydrogen Went From Hype to Hard Reality,Business,"The initial excitement surrounding green hydrogen as a clean energy solution is now meeting the hard reality of economic and logistical challenges. While touted as a key to decarbonizing heavy industry, the costs of production remain prohibitively high. Furthermore, building the necessary infrastructure for transport and storage requires massive investment and time. These practical hurdles have tempered optimistic forecasts, shifting the focus toward more targeted applications where green hydrogen is most viable."
Automakers Bet Big on Hybrids as EV Growth Slows,Business,"As the growth in demand for fully electric vehicles (EVs) slows, major automakers are shifting their strategy to focus more on hybrid models. Consumers are showing increased interest in hybrids as a transitional step, offering fuel efficiency without the range anxiety and charging infrastructure concerns associated with pure EVs. This strategic pivot allows car companies to meet emissions targets while still catering to current market preferences. The trend reflects a more pragmatic approach to the electric transition."
Inside the High-Stakes World of Semiconductor Espionage,Business,The semiconductor industry is a battleground for high-stakes corporate and national espionage. Countries and companies are aggressively trying to steal valuable intellectual property related to advanced chip design and manufacturing. This illicit activity is driven by the immense strategic and economic importance of semiconductors in everything from consumer electronics to military hardware. The report details the sophisticated methods used and the extensive security measures being deployed to protect these critical technological assets.
Small Businesses Struggle With Higher Costs and Labor Shortages,Business,"Small businesses across the country are grappling with the dual challenges of rising operational costs and persistent labor shortages. Inflation has driven up the prices of supplies and inventory, squeezing profit margins. Simultaneously, finding and retaining qualified employees remains difficult, forcing many owners to offer higher wages or reduce operating hours. These pressures create a difficult environment for entrepreneurs and threaten the viability of many small enterprises, which are crucial to local economies."
Oil Prices Fluctuate as Geopolitical Risks Offset Demand Concerns,Business,"Oil prices are experiencing significant volatility as the market balances geopolitical risks against concerns about global demand. Tensions in the Middle East and the war in Ukraine create supply-side risks that push prices up. Conversely, worries about a potential economic slowdown, particularly in China and Europe, could dampen demand and pull prices down. This tug-of-war between supply fears and demand concerns is leading to fluctuating prices and an uncertain outlook for the energy market."
The Corporate Debt Wall: A $4 Trillion Problem Looms,Business,"A significant challenge is looming for the global economy in the form of a 'corporate debt wall.' An estimated $4 trillion in corporate debt is set to mature in the coming years, requiring refinancing at much higher interest rates than when it was issued. This situation could strain corporate balance sheets, leading to reduced investment, layoffs, or even defaults for highly leveraged companies. Economists are concerned this refinancing wave could trigger broader financial instability."
"Venture Capitalists Turn Cautious, Demanding Profitability Over Growth",Business,"The venture capital landscape has shifted, with investors now prioritizing profitability over rapid, unchecked growth. In the wake of economic uncertainty and higher interest rates, VCs are becoming more cautious with their capital. They are pushing portfolio startups to focus on sustainable business models and a clear path to making money. This marks a significant change from the 'growth-at-all-costs' mindset that dominated the tech industry for the past decade."
Is the 4-day work week a solution to burnout? Early results are promising,Business,"Pilot programs and early studies on a four-day work week are showing promising results as a potential solution to widespread employee burnout. Companies participating in trials report increased productivity, improved employee well-being, and better talent retention. Workers experience better work-life balance and reduced stress levels. While challenges in implementation remain, the initial data suggests that a shorter work week could be a viable model for the future of work, benefiting both employees and employers."
Airlines Grapple With Boeing Production Delays,Business,"Airlines are facing significant operational challenges due to ongoing production delays at Boeing. The slowdown in the delivery of new aircraft, particularly the 737 MAX, is forcing carriers to adjust their growth plans and flight schedules. This has a cascading effect, limiting airlines' ability to expand routes and meet passenger demand. The situation puts pressure on airline revenues and highlights the industry's deep reliance on its two major manufacturers."
Holiday Shopping Season Sees Shift to Online and Discount Retailers,Business,"The 2023 holiday shopping season demonstrated a clear consumer shift towards online platforms and discount retailers. Shoppers, feeling the pinch of inflation, actively sought out deals and value. This trend benefited e-commerce giants and big-box discounters at the expense of some traditional brick-and-mortar stores and mid-tier retailers. The data reflects a more price-conscious consumer and the enduring strength of online shopping habits formed during the pandemic."
The Future of Office Real Estate in a Hybrid World,Business,"The rise of hybrid work models has created an uncertain future for the commercial office real estate market. With many companies downsizing their physical footprint, office vacancy rates in major cities have soared. This has led to falling property values and financial distress for building owners and investors. The article explores the potential long-term consequences, including the conversion of office buildings for residential use and a fundamental reimagining of what the central business district is for."
US Job Market Cools but Remains Resilient,Business,"Recent data indicates that the U.S. job market is cooling from its previously red-hot pace, but it remains remarkably resilient. While the rate of job growth has slowed, unemployment remains low, and wage gains continue to be solid. This moderation is seen as a positive sign by the Federal Reserve, as it could help ease inflation without triggering a sharp economic downturn. The labor market's durability continues to be a key source of strength for the U.S. economy."
"Regulators Circle 'Buy Now, Pay Later' Services",Business,"Buy Now, Pay Later' (BNPL) services are facing increased scrutiny from financial regulators around the world. Concerns are growing about the potential for these services to encourage consumers to take on unmanageable debt. Regulators are considering new rules that would treat BNPL providers more like traditional lenders, requiring affordability checks and clearer disclosure of terms. The move aims to protect consumers from the risks associated with these popular but largely unregulated financing options."
How AI Is Quietly Transforming Corporate Finance Departments,Business,"Artificial intelligence is quietly revolutionizing corporate finance departments by automating routine tasks and providing powerful new analytical capabilities. AI tools are now used for tasks like invoice processing, expense management, and financial forecasting. This automation frees up finance professionals to focus on more strategic analysis and decision-making. The integration of AI is improving efficiency, reducing errors, and changing the skill sets required for careers in corporate finance."
UAW Strikes End With Historic Gains for Auto Workers,Business,"The United Auto Workers (UAW) union concluded its targeted strikes against Detroit's major automakers after securing tentative agreements with historic gains. The new contracts include significant wage increases, the elimination of wage tiers, and cost-of-living adjustments. This victory is seen as a major turning point for the UAW and the broader labor movement in the U.S. The deals are expected to have a ripple effect across the automotive industry and other manufacturing sectors."
The Global Rush for Critical Minerals is Reshaping Geopolitics,Business,"A global rush for critical minerals like lithium, cobalt, and rare earth elements is reshaping international relations and economic priorities. These materials are essential for green technologies and advanced electronics. Nations are engaging in a new form of geopolitics, securing supply chains and forging alliances to gain access to these resources. This competition is creating new dependencies and potential flashpoints, particularly between Western nations and China, which dominates many of these supply chains."
India's Stock Market Becomes a Magnet for Global Investors,Business,"India's stock market has become increasingly attractive to global investors, emerging as a major alternative to China. With strong economic growth, a burgeoning middle class, and a more predictable regulatory environment, India is drawing significant foreign capital. Many investors are reallocating funds away from China due to its economic slowdown and geopolitical risks. This shift marks a significant moment for India's financial markets as they take on a more prominent role on the world stage."
"Inflation Report Shows Core Prices Moderating, a Good Sign for the Fed",Business,"The latest inflation report showed that core prices, which exclude volatile food and energy costs, are moderating. This is a positive development for the Federal Reserve in its fight against inflation. The cooling trend suggests that the central bank's policy of raising interest rates is having the intended effect. While overall inflation is not yet at the Fed's target, the data provides hope that the worst of the price surge may be over, potentially allowing for a pause in rate hikes."
"The Streaming Wars Enter a New, More Frugal Era",Business,"The streaming industry has entered a new era defined by fiscal discipline and a focus on profitability. After years of lavish spending on content to attract subscribers, companies like Netflix, Disney, and Warner Bros. are now cutting costs and raising prices. The 'streaming wars' are less about subscriber growth at all costs and more about building sustainable, profitable businesses. This shift includes crackdowns on password sharing, the introduction of ad-supported tiers, and more selective content investment."
Microsoft's Activision Blizzard Deal Finally Closes,Business,"Microsoft has successfully closed its landmark acquisition of gaming giant Activision Blizzard after a lengthy and contentious regulatory battle. The deal, one of the largest in tech history, gives Microsoft control over major franchises like 'Call of Duty' and 'World of Warcraft.' The closure came after Microsoft made concessions, particularly regarding cloud gaming rights in Europe, to appease regulators. This acquisition significantly bolsters Microsoft's position in the lucrative global gaming market."
Navigating the Risks of a Potential Government Shutdown,Business,"Businesses and financial markets are bracing for the economic risks associated with a potential U.S. government shutdown. A shutdown would halt non-essential government services, furlough federal workers, and delay economic data releases. This uncertainty can disrupt consumer confidence, delay business contracts, and create volatility in financial markets. The article outlines the potential economic impacts and how different sectors are preparing for the disruption if lawmakers fail to reach a funding agreement."
The Private Credit Boom: What It Is and Why It Matters,Business,"Private credit, where non-bank lenders provide loans directly to companies, has boomed into a multi-trillion dollar market. This sector has grown rapidly as traditional banks have pulled back from riskier lending due to stricter regulations. While it provides vital financing for many businesses, concerns are growing about the lack of transparency and potential systemic risks within this 'shadow banking' system. Regulators are now paying closer attention to this influential but opaque corner of finance."
How Reshoring Manufacturing Is Changing Local Economies,Business,"The trend of 'reshoring,' or bringing manufacturing back to the U.S., is having a transformative impact on local economies. Federal incentives and supply chain concerns are driving companies to build new factories in states across the country. This is creating new jobs and revitalizing communities that had previously suffered from deindustrialization. However, the trend also faces challenges, including labor shortages and the high cost of domestic production."
Europe's Energy Crisis: A Look Back and Forward,Business,"Europe is reassessing its energy strategy after navigating the severe energy crisis sparked by the reduction of Russian gas supplies. The continent managed to avoid the worst-case scenarios by rapidly diversifying its energy sources, including a major push for liquefied natural gas (LNG) and renewables. The article reviews the policies that worked and looks forward at the long-term challenges. These include ensuring energy security, managing high costs, and accelerating the green transition to prevent future crises."
Labor Unions See Resurgence in Unexpected Sectors,Business,"Labor unions are experiencing a resurgence in sectors where they have not traditionally been strong, such as retail, food service, and technology. High-profile organizing campaigns at companies like Starbucks and Amazon have inspired workers across various industries. This renewed interest in unionization is driven by concerns over wages, working conditions, and a desire for a greater voice in the workplace. The trend signals a potential shift in the balance of power between labor and corporations."
Global M&A Activity Cools Amid Economic Uncertainty,Business,"Global mergers and acquisitions (M&A) activity has cooled significantly amid rising interest rates and economic uncertainty. The high cost of borrowing has made deal financing more difficult and expensive. Furthermore, fears of a potential recession have made companies more cautious about making large, transformative acquisitions. Dealmakers report a slowdown across most sectors, marking a sharp contrast to the record-breaking pace of M&A seen in previous years."
The Hidden Costs of 'Shrinkflation' for Consumers,Business,"Shrinkflation,' the practice of reducing the size of a product while keeping its price the same, is a growing concern for consumers. This subtle form of price increase can be hard to notice but has a real impact on household budgets. Companies use this tactic to pass on rising costs without alarming customers with a direct price hike. The article highlights examples across various consumer goods and discusses the hidden costs for shoppers who are effectively paying more for less."
Japan's Economy Shows Surprising Resilience,Business,"Japan's economy is demonstrating surprising resilience, defying earlier predictions of stagnation. A combination of resurgent tourism, solid corporate investment, and accommodative monetary policy has helped fuel growth. The country's stock market has also seen a strong rally, attracting foreign investment. This positive performance suggests that Japan may finally be shaking off decades of deflation and slow growth, though long-term demographic challenges remain."
Startups Face a Tougher Fundraising Environment,Business,"Startups are facing a much more challenging environment for raising capital compared to previous years. The end of the era of cheap money means that venture capitalists are more selective and risk-averse. Valuations are falling, and startups are finding it harder to secure the funding needed to grow. This has forced many young companies to cut costs, lay off staff, and focus on achieving profitability sooner than planned."
Impact of Student Loan Repayments on Consumer Spending,Business,"The restart of federal student loan repayments is expected to have a noticeable impact on U.S. consumer spending. With millions of Americans resuming monthly payments, a significant amount of discretionary income will be diverted from the economy. Economists are concerned this could lead to a pullback in spending on retail, dining, and other services. This presents a new headwind for an economy already grappling with the effects of inflation and high interest rates."
The Battle for Dominance in Electric Vehicle Charging,Business,"A battle for dominance is underway in the electric vehicle (EV) charging industry. Tesla's decision to open its charging standard to other automakers has shaken up the market. Now, a growing number of car companies and charging network operators are adopting Tesla's connector, potentially making it the industry standard in North America. This competition and standardization are critical for building out the reliable charging infrastructure needed to support mass EV adoption."
Is the Era of the Tech Unicorn Over?,Business,"The era of the tech 'unicorn'—private startups valued at over $1 billion—may be coming to an end. The recent downturn in the technology sector and the more challenging fundraising environment have led to a sharp decrease in the number of new unicorns being created. Many existing unicorns have seen their valuations slashed. The market is now favoring sustainable growth and profitability over the high-risk, high-reward model that defined the last decade's tech boom."
How Companies are Using AI to Manage Supply Chains,Business,"Companies are increasingly turning to artificial intelligence to manage and optimize their complex global supply chains. AI algorithms can analyze vast amounts of data to predict demand, identify potential disruptions, and optimize logistics in real-time. This technology helps businesses become more resilient and efficient in the face of challenges like port congestion and geopolitical instability. The adoption of AI is transforming supply chain management from a reactive to a predictive discipline."
The Debate Over Central Bank Digital Currencies (CBDCs),Business,"Central banks around the world are actively debating and exploring the creation of Central Bank Digital Currencies (CBDCs). Proponents argue that CBDCs could make payment systems more efficient and inclusive. However, there are significant concerns about the potential implications for commercial banks, data privacy, and the risk of government surveillance. The article weighs the potential benefits and drawbacks, concluding that the path to implementing a CBDC is fraught with complex policy choices."
US Housing Market Locked by High Mortgage Rates,Business,"The U.S. housing market has become effectively locked, as high mortgage rates are discouraging both buyers and sellers. Potential buyers are priced out by high borrowing costs, leading to a slump in demand. At the same time, existing homeowners who have low-rate mortgages are reluctant to sell and move, as they would face a much higher rate on a new loan. This 'lock-in' effect has severely limited the inventory of homes for sale and created a stagnant market."
Africa's Growing Tech Scene Attracts New Investment,Business,"Africa's technology scene is experiencing rapid growth and attracting significant new investment from both local and international sources. Startups in fintech, e-commerce, and renewable energy are flourishing across the continent. This boom is driven by a young, tech-savvy population and increasing internet and mobile phone penetration. Despite challenges, the continent's tech ecosystem is seen as a major new frontier for venture capital and global tech companies."
The Challenges of Regulating Cryptocurrencies,Business,"Regulating the volatile cryptocurrency market poses significant challenges for governments and financial authorities worldwide. The decentralized and borderless nature of crypto makes it difficult to enforce rules. Regulators are grappling with how to protect consumers from fraud and market manipulation, prevent illicit financing, and ensure financial stability. The collapse of major platforms like FTX has intensified these calls for a clear and comprehensive regulatory framework."
Luxury Brands Prove Resilient in Economic Downturn,Business,"Luxury brands have proven to be remarkably resilient despite broader economic downturns and inflation. High-end consumers have largely been insulated from economic pressures, continuing their spending on luxury goods like designer handbags, watches, and cars. Companies like LVMH and Ferrari have reported strong sales and profits. This trend highlights the deep divide between high-income and average consumers and the unique market dynamics of the luxury sector."
The Rise of Sustainable Investing and ESG Metrics,Business,"Sustainable investing, which considers Environmental, Social, and Governance (ESG) factors, has grown into a major force in financial markets. Investors are increasingly allocating capital to companies with strong sustainability practices, believing they offer better long-term returns. However, the movement faces challenges, including a lack of standardized ESG metrics and accusations of 'greenwashing.' The article explores the rise of ESG and the ongoing debate about its effectiveness and true impact."
Gig Economy Workers Push for More Rights and Protections,Business,"Workers in the gig economy are increasingly organizing and pushing for more rights, better pay, and improved working conditions. Drivers for services like Uber and delivery workers for apps like DoorDash are demanding to be classified as employees rather than independent contractors. This change would grant them access to minimum wage protections, sick leave, and other benefits. Their fight has led to legal battles and legislative debates around the world about the future of gig work."
US-China Trade Tensions Continue to Simmer,Business,"Trade tensions between the United States and China continue to simmer, with no resolution in sight. The two economic superpowers remain locked in a dispute over issues like tariffs, technology transfer, and market access. The U.S. has implemented strict controls on the export of advanced technology to China, while China has responded with its own measures. This ongoing friction creates uncertainty for global businesses and continues to disrupt international supply chains."
Corporate Earnings Season: What to Watch,Business,"As corporate earnings season begins, investors are closely watching for signs of how companies are navigating a challenging economic environment. Key areas of focus include the impact of inflation on profit margins, company outlooks for future growth, and any plans for cost-cutting or layoffs. The results will provide a critical health check on the corporate sector and offer clues about the direction of the broader economy. Analysts are particularly interested in how consumer demand is holding up."
Inflation's Uneven Impact on American Households,Business,"Inflation does not affect all American households equally, with its impact being most severe for low-income families. These households spend a larger portion of their income on necessities like food, gas, and housing, which have seen some of the steepest price increases. This uneven impact exacerbates economic inequality. While wage growth has occurred, for many it has not kept pace with the rising cost of living, leading to increased financial stress for the most vulnerable."
Global Tourism Rebounds to Near Pre-Pandemic Levels,Business,"The global tourism industry is experiencing a strong rebound, with travel numbers approaching pre-pandemic levels in many regions. After years of restrictions, pent-up demand for travel is fueling a surge in bookings for flights, hotels, and tours. This recovery is providing a much-needed boost to economies that are heavily reliant on tourism. However, the industry still faces challenges, including staffing shortages and higher operating costs."
The Promise and Peril of AI in Medical Diagnostics,Health,"Artificial intelligence holds incredible promise for medical diagnostics, with the potential to detect diseases faster and more accurately. However, this technology also comes with significant perils. These include the risk of AI algorithms inheriting and amplifying human biases, which could worsen health disparities. There are also major concerns about patient privacy, the reliability of the technology, and the lack of clear regulatory frameworks. Successfully navigating these challenges is crucial for harnessing AI's benefits in healthcare."
CDC Warns of Rise in Drug-Resistant Infections in Hospitals,Health,"The Centers for Disease Control and Prevention (CDC) has issued a warning about a concerning rise in drug-resistant infections, or 'superbugs,' within U.S. hospitals. These infections are difficult to treat because the bacteria have evolved to resist standard antibiotics. The increase is partly attributed to a lapse in infection control practices during the COVID-19 pandemic. The CDC is urging healthcare facilities to redouble their efforts in hygiene and antibiotic stewardship to combat this growing public health threat."
A silent epidemic': experts sound alarm over rising rates of loneliness,Health,"Health experts are sounding the alarm over what they call a 'silent epidemic' of loneliness, which is affecting people of all ages and has serious public health consequences. Chronic loneliness is linked to an increased risk of mental health issues like depression and anxiety, as well as physical conditions such as heart disease and dementia. The article explores the societal factors contributing to this trend and calls for greater public awareness and community-based interventions to foster social connection."
Navigating the High Cost of Prescription Drugs: A Look at Policy Options,Health,"The high cost of prescription drugs remains a major burden for many Americans. This analysis from KFF Health News examines various policy options being considered to address the issue. These include government price negotiations, capping out-of-pocket costs for seniors, and measures to increase competition from generic drugs. The article breaks down the potential impact of these policies on patients, pharmaceutical companies, and the healthcare system, highlighting the complex trade-offs involved in drug pricing reform."
Weight-Loss Drugs Like Ozempic Show Broader Health Benefits in New Studies,Health,New studies are revealing that popular weight-loss drugs like Ozempic and Wegovy offer broader health benefits beyond weight reduction. Clinical trials have shown that these GLP-1 agonists can also reduce the risk of major cardiovascular events like heart attacks and strokes. This discovery is expanding the potential use of these drugs from just obesity treatment to a wider range of preventative care. The findings could have a significant impact on how heart disease and other related conditions are managed.
The Coming Crispr Revolution in Medicine,Health,"The field of medicine is on the verge of a revolution driven by CRISPR gene-editing technology. After decades of research, the first CRISPR-based therapies are now being approved to treat genetic diseases like sickle cell anemia. Scientists are exploring its potential to tackle a wide range of conditions, from rare genetic disorders to common diseases like cancer and heart disease. This article explores the immense promise of CRISPR while also touching on the ethical and safety considerations that accompany this powerful technology."
The Mental Health Toll on America's Youth Continues to Climb,Health,"The mental health crisis among American youth continues to worsen, with rates of anxiety, depression, and other conditions climbing. The article highlights the immense toll this is taking on teens and their families. Factors contributing to the crisis include academic pressure, the negative impacts of social media, and societal stressors. The report underscores the urgent need for better access to mental healthcare services and more supportive environments for young people in schools and communities."
Rural Hospital Closures Create Healthcare Deserts Across the U.S.,Health,"A wave of rural hospital closures across the United States is creating 'healthcare deserts' and leaving millions of people without easy access to essential medical services. When a local hospital closes, residents must travel long distances for emergency care, routine check-ups, and specialized treatment. This trend disproportionately affects older and low-income populations and leads to poorer health outcomes for entire communities. The article details the financial pressures forcing these closures and the devastating impact on rural America."
How Medicaid Unwinding Has Impacted Millions of Americans,Health,"The end of pandemic-era protections has led to a massive 'unwinding' of Medicaid, resulting in millions of Americans losing their health coverage. States are redetermining eligibility for the program for the first time in three years. Many people are losing coverage due to procedural reasons, such as failing to complete paperwork, even if they are still eligible. This process has had a significant impact on access to care for low-income families and children across the country."
Long Covid: Scientists are starting to unravel the mysteries,Health,"Scientists are making progress in unraveling the complex mysteries of Long Covid, a condition that affects millions with persistent symptoms after a COVID-19 infection. Research is beginning to identify potential causes, including the persistence of the virus in the body, autoimmune responses, and microclots in the blood. While a definitive cure remains elusive, this growing understanding is paving the way for the development of diagnostic tools and potential treatments to help those suffering from this debilitating condition."
Global Vaccine Alliance Warns of Measles Outbreaks,Health,"Gavi, the global vaccine alliance, has issued a warning about the rising risk of large and disruptive measles outbreaks worldwide. A decline in routine childhood immunizations during the COVID-19 pandemic has left millions of children vulnerable to this highly contagious disease. The organization is calling for urgent action from governments to catch up on missed vaccinations and bolster their immunization programs. Failure to do so could lead to a resurgence of measles, a preventable disease that can cause serious illness and death."
The Challenge of Regulating Medical Algorithms,Health,"Regulating medical algorithms and artificial intelligence presents a significant new challenge for agencies like the Food and Drug Administration (FDA). Unlike traditional medical devices, these algorithms can learn and change over time, making it difficult to ensure their ongoing safety and effectiveness. The FDA is grappling with how to create a regulatory framework that can adapt to this rapidly evolving technology. Key challenges include preventing bias, ensuring transparency, and establishing clear standards for validation and post-market surveillance."
US Life Expectancy Rises Slightly But Still Below Pre-Pandemic Level,Health,"U.S. life expectancy saw a slight increase but remains below the level it was before the COVID-19 pandemic, according to new CDC data. The modest rebound was primarily due to a decrease in COVID-19 deaths. However, high rates of death from drug overdoses, particularly fentanyl, continue to suppress the overall figure. The data highlights the lasting scars of the pandemic and the ongoing public health challenges facing the nation."
"Surprise Medical Bills Are Down, But Loopholes Remain",Health,"The No Surprises Act has been effective in reducing the number of unexpected medical bills for patients, particularly for emergency care. However, the law contains loopholes that can still leave patients vulnerable to surprise bills. These gaps often relate to ground ambulance services and care received at certain types of facilities not fully covered by the law. Consumer advocates are pushing for these loopholes to be closed to provide more comprehensive protection for patients."
"A New Alzheimer's Drug Offers Hope, but Comes With Risks and High Costs",Health,"A new drug for Alzheimer's disease, lecanemab, has shown a modest ability to slow cognitive decline, offering a new glimmer of hope for patients. However, the treatment comes with significant risks, including the potential for brain swelling and bleeding. It also carries a high price tag and requires frequent infusions and monitoring. This has sparked a debate among doctors and patients about whether the drug's benefits outweigh its risks and costs, highlighting the difficult decisions facing those affected by the disease."
The Global Fight Against Antimicrobial Resistance,Health,"The global fight against antimicrobial resistance (AMR) is at a critical juncture. The overuse and misuse of antibiotics in humans and agriculture have accelerated the rise of drug-resistant bacteria, rendering common infections untreatable. This silent pandemic threatens to undermine modern medicine. The article details international efforts to promote antibiotic stewardship, develop new treatments, and improve surveillance, stressing the urgency of a coordinated global response to this growing threat."
Shortage of Primary Care Doctors Worsens in US,Health,"The United States is facing a worsening shortage of primary care doctors, which is straining the healthcare system and limiting access to care for many Americans. An aging physician workforce, burnout, and insufficient numbers of medical students choosing primary care are contributing to the problem. This shortage is most acute in rural and underserved communities. The situation leads to delayed diagnoses, poorer management of chronic diseases, and increased costs as patients turn to more expensive emergency care."
How Climate Change Is Impacting Public Health,Health,"Climate change is having a direct and growing impact on public health around the world. Extreme weather events like heatwaves, wildfires, and floods are causing immediate harm and death. Rising temperatures are also expanding the range of infectious diseases like dengue fever and malaria. The article discusses how air pollution from burning fossil fuels worsens respiratory conditions and how climate change threatens food and water security, creating a multi-faceted global health crisis."
Telehealth's Post-Pandemic Future is Uncertain,Health,"The future of telehealth in a post-pandemic world is uncertain, as temporary regulatory flexibilities that allowed for its expansion are set to expire. While telehealth proved to be a critical tool during the pandemic, questions remain about reimbursement rates, prescribing rules, and ensuring equitable access for all populations. Lawmakers and regulators are now debating which pandemic-era telehealth policies should be made permanent. The outcome of these discussions will shape the role of virtual care in the U.S. healthcare system for years to come."
The Science Behind Intermittent Fasting,Health,"Intermittent fasting has gained popularity as a weight-loss strategy, and scientific research is beginning to uncover the mechanisms behind its potential benefits. Studies suggest that fasting can impact metabolism, improve insulin sensitivity, and trigger cellular repair processes. However, the science is still evolving, and the effectiveness of intermittent fasting can vary greatly among individuals. The article explores the different types of fasting, the current state of the research, and what people should consider before trying it."
FDA Approves First Gene Therapy for Sickle Cell Disease,Health,"The FDA has approved the first-ever gene therapy for sickle cell disease, a landmark moment in the treatment of the inherited blood disorder. The therapy, which uses CRISPR gene-editing technology, offers the potential for a one-time cure for patients who have long suffered from the painful and debilitating condition. This approval marks a major milestone for gene therapy and offers new hope for individuals with other genetic diseases. However, the high cost of the treatment raises questions about access and affordability."
The Link Between Gut Health and Mental Well-being,Health,"A growing body of research is revealing a strong connection between the health of the gut microbiome and mental well-being. The trillions of bacteria in our digestive system appear to communicate with the brain, influencing mood, stress, and even the risk of conditions like depression and anxiety. This 'gut-brain axis' is a promising new area of research. Scientists are now exploring whether interventions like probiotics and dietary changes could be used to improve mental health by promoting a healthy gut."
Opioid Crisis Continues With Rise of Fentanyl,Health,"The opioid crisis in the United States continues to evolve and worsen, driven primarily by the proliferation of illicitly manufactured fentanyl. This powerful synthetic opioid is often mixed with other drugs, leading to a surge in overdose deaths. The crisis has devastated communities across the country. Public health officials are struggling to combat the influx of fentanyl while also working to expand access to addiction treatment and harm reduction services like naloxone."
Medicare Begins Price Negotiations for First 10 Drugs,Health,"Under a provision of the Inflation Reduction Act, Medicare has begun the historic process of negotiating the prices for a select group of high-cost prescription drugs directly with manufacturers. This report details the first ten drugs chosen for negotiation, which include medications for blood clots, diabetes, and heart failure. This marks the first time Medicare has had the power to negotiate drug prices. The process is expected to lower costs for both the government and seniors, though it is being challenged in court by pharmaceutical companies."
RSV Vaccines for Older Adults Prove Effective,Health,"Newly available vaccines for Respiratory Syncytial Virus (RSV) have proven to be effective in protecting older adults from the common but potentially severe respiratory illness. Clinical trials showed that the vaccines significantly reduce the risk of lower respiratory tract disease caused by RSV. RSV can be particularly dangerous for seniors and those with underlying health conditions, often leading to hospitalization. The approval of these vaccines provides an important new tool to protect vulnerable populations."
The Growing Problem of Medical Misinformation on Social Media,Health,"The spread of medical misinformation on social media platforms has become a significant public health problem. False or misleading claims about vaccines, diseases, and treatments can have serious real-world consequences, leading people to make harmful health decisions. The article discusses how algorithms can amplify this content and the challenges that platforms and public health officials face in combating it. Experts are calling for greater digital literacy and more robust content moderation to address the issue."
Burnout Among Nurses Reaches Crisis Levels,Health,"Burnout among nurses has reached crisis levels, threatening the stability of the healthcare system. Years of understaffing, long hours, and the emotional toll of the pandemic have led to widespread exhaustion and nurses leaving the profession in large numbers. This exacerbates existing staffing shortages and can compromise patient care. The article highlights the urgent need for systemic changes in hospitals to improve working conditions, provide mental health support, and address the root causes of nurse burnout."
The Debate Over Psychedelics for Mental Health Treatment,Health,"There is a growing debate within the medical community about the use of psychedelic substances like psilocybin and MDMA for mental health treatment. Early research suggests these substances, when used in a controlled therapeutic setting, may be effective for conditions like PTSD and severe depression. However, many experts urge caution, citing the need for more rigorous, large-scale clinical trials to establish their safety and efficacy. The article explores the promise, the hype, and the scientific questions surrounding this emerging field of therapy."
Avian Flu (H5N1) Cases in Mammals Raise Human Health Concerns,Health,"The spread of avian flu (H5N1) to a growing number of mammal species is raising concerns among public health officials about the potential for human transmission. While the risk to the general public remains low, each new infection in a mammal provides the virus with an opportunity to adapt and potentially become more transmissible to humans. Scientists are closely monitoring the virus's evolution and calling for increased surveillance in both wild animals and farm populations to mitigate the risk of a future pandemic."
The Impact of Medical Debt on American Families,Health,"Medical debt is a pervasive problem in the United States, placing a significant financial burden on millions of families. An investigation by KFF Health News reveals the far-reaching impact of this debt, which can ruin credit scores, deplete savings, and force people to delay or forgo necessary medical care. The article highlights how even those with health insurance can be saddled with crippling debt due to high deductibles and out-of-pocket costs. This issue drives inequality and creates a major barrier to both financial security and health."
Advances in Cancer Immunotherapy,Health,"Cancer immunotherapy, which harnesses the body's own immune system to fight cancer, continues to see significant advances. New types of therapies, such as CAR-T cell therapy and personalized cancer vaccines, are showing remarkable success in treating certain types of cancers that were once considered untreatable. Researchers are working to expand the effectiveness of these treatments to more types of cancer and to more patients. This field represents one of the most promising frontiers in oncology."
World Health Organization Updates Pandemic Preparedness Treaty,Health,"The World Health Organization (WHO) and its member states are in the process of negotiating and updating an international treaty on pandemic preparedness and response. The goal is to create a legally binding agreement that ensures a more coordinated and equitable global response to future pandemics. Key negotiation points include rapid information sharing, equitable access to vaccines and treatments, and strengthening health systems worldwide. The treaty aims to apply the hard-learned lessons from the COVID-19 pandemic."
How Wearable Tech is Changing Personal Health Monitoring,Health,"Wearable technology like smartwatches and fitness trackers is transforming personal health monitoring. These devices can now track a wide range of metrics, including heart rate, sleep patterns, blood oxygen levels, and even perform an ECG. This constant stream of data can empower individuals to take a more active role in managing their health and detecting potential issues early. However, it also raises questions about data accuracy, privacy, and the potential for causing unnecessary health anxiety."
Addressing Health Disparities in Minority Communities,Health,"Significant health disparities persist in the United States, with racial and ethnic minority communities experiencing worse health outcomes across a range of conditions. These disparities are driven by a complex mix of systemic factors, including socioeconomic inequality, lack of access to quality healthcare, and implicit bias within the healthcare system. The article highlights the urgent need for policies and interventions that address these root causes. Efforts are focused on improving access, promoting culturally competent care, and tackling the social determinants of health."
The Future of Personalized Medicine,Health,"Personalized medicine, which tailors medical treatment to the individual characteristics of each patient, is poised to become the future of healthcare. Advances in genomics and data analytics are allowing doctors to customize treatments based on a person's genetic makeup, lifestyle, and environment. This approach holds the promise of making treatments more effective and reducing side effects. The article explores the progress in fields like oncology and pharmacology and the challenges that remain in bringing personalized medicine into mainstream clinical practice."
The Challenge of Ensuring Clean Drinking Water in the US,Health,"Ensuring access to clean and safe drinking water remains a significant challenge in many parts of the United States. Aging infrastructure, industrial pollution, and the presence of 'forever chemicals' like PFAS are contaminating water sources. The problem is not limited to isolated incidents but is a widespread issue affecting both urban and rural communities. The article details the health risks, the high cost of upgrading water systems, and the regulatory efforts underway to address this fundamental public health issue."
New Guidelines for Cholesterol Management,Health,"Major health organizations have released updated guidelines for cholesterol management, emphasizing a more personalized approach to risk assessment and treatment. The new recommendations place a greater focus on lifestyle factors like diet and exercise as the first line of defense. They also provide clearer guidance on the use of statins and other cholesterol-lowering medications based on an individual's overall cardiovascular risk profile, not just their cholesterol numbers. The goal is to more effectively prevent heart attacks and strokes."
The Role of Nutrition in Preventing Chronic Disease,Health,"There is a growing scientific consensus on the critical role of nutrition in preventing chronic diseases like type 2 diabetes, heart disease, and certain cancers. Public health experts are emphasizing the importance of diets rich in fruits, vegetables, and whole grains and low in processed foods and sugar. The article discusses the latest research and public health initiatives aimed at promoting healthy eating habits. These efforts are seen as a key strategy for improving population health and reducing long-term healthcare costs."
Maternal Mortality Rates in the U.S. Remain Alarmingly High,Health,"Maternal mortality rates in the United States remain alarmingly high, particularly when compared to other wealthy nations. The problem is especially acute for Black women, who die from pregnancy-related causes at a rate several times higher than white women. The article explores the complex factors contributing to this crisis, including systemic racism in healthcare, lack of access to postpartum care, and the prevalence of chronic health conditions. Experts are calling for urgent, multi-faceted interventions to save mothers' lives."
Understanding the Vaping Health Crisis,Health,"Public health officials are grappling with a health crisis related to vaping, especially among teenagers and young adults. While often marketed as a safer alternative to smoking, e-cigarettes are not harmless and can contain nicotine and other toxic chemicals. The article discusses the known health risks, including lung injury and nicotine addiction, and the regulatory challenges in controlling a rapidly evolving market of flavored products that appeal to youth. The long-term health effects of vaping are still largely unknown."
The Mental Health Benefits of Exercise,Health,"The mental health benefits of regular physical exercise are well-established and significant. Exercise has been shown to reduce symptoms of depression and anxiety, improve mood, and boost cognitive function. It works by releasing endorphins, reducing stress hormones, and promoting neural growth. The article emphasizes that even moderate activity, like a brisk walk, can have a powerful positive effect on mental well-being. It presents exercise as an accessible and effective tool for managing mental health."
Preparing for the Next Pandemic: Lessons Learned from COVID-19,Health,"As the world moves beyond the acute phase of the COVID-19 pandemic, public health experts are focused on applying the lessons learned to prepare for the next global health crisis. Key areas of focus include strengthening global surveillance systems to detect new pathogens early. They also aim to improve supply chains for medical equipment and create more equitable systems for vaccine and treatment distribution. The goal is to build a more resilient global health security architecture to prevent a repeat of the widespread disruption caused by COVID-19."
How AI Is Helping to Accelerate Drug Discovery,Health,Artificial intelligence is playing an increasingly important role in accelerating the process of drug discovery and development. AI algorithms can analyze massive biological datasets to identify potential new drug targets and predict which compounds are most likely to be effective. This can significantly reduce the time and cost involved in the early stages of pharmaceutical research. The article highlights how AI is becoming an indispensable tool for scientists in the quest for new medicines.
The Increasing Cost of Health Insurance Premiums,Health,"The cost of health insurance premiums continues to rise, placing a growing financial strain on American families and businesses. Factors driving the increases include the rising price of medical care and prescription drugs, as well as consolidation in the hospital and insurance industries. The article discusses how these rising premiums impact household budgets and the difficult choices people face, such as opting for high-deductible plans or forgoing coverage altogether. This trend remains a central issue in the U.S. healthcare debate."
A Breakthrough in Spinal Cord Injury Treatment,Health,"Researchers have reported a significant breakthrough in the treatment of spinal cord injuries. A new therapy involving electrical stimulation of the spinal cord has enabled some patients with paralysis to regain voluntary movement in their legs. While the research is still in its early stages, the results are highly promising and offer new hope for restoring function after severe spinal cord injuries. The study represents a major step forward in the field of neuroscience and rehabilitation."
The Global Effort to Eradicate Polio,Health,"The global effort to eradicate polio is facing its final, most difficult challenges. While the disease has been eliminated from most of the world, it remains endemic in a few hard-to-reach areas where conflict and vaccine hesitancy hinder immunization campaigns. Outbreaks of vaccine-derived poliovirus also pose a threat. The article details the strategies being used by the Global Polio Eradication Initiative to overcome these last hurdles and achieve the goal of a polio-free world."
Debunking Common Myths About Sleep,Health,"This article debunks several common myths about sleep, providing science-based explanations. It clarifies that hitting the snooze button can disrupt your sleep cycle and that drinking alcohol before bed actually worsens sleep quality. It also addresses misconceptions about the amount of sleep needed and the ability to 'catch up' on sleep during the weekend. The goal is to provide readers with accurate information to help them improve their sleep habits and_DELETED_ all health."
FDA Scrutinizes Foreign Drug Manufacturing Facilities,Health,"The FDA is increasing its scrutiny of foreign drug manufacturing facilities, which produce a large portion of the medicines and drug ingredients used in the U.S. This renewed focus comes after inspections were disrupted during the pandemic and amid growing concerns about quality control and supply chain vulnerabilities. The article discusses the challenges the FDA faces in overseeing a vast global network of manufacturers. It also covers the potential risks to the U.S. drug supply from quality issues at these overseas plants."
What the End of the COVID Public Health Emergency Means,Health,"The end of the federal COVID-19 Public Health Emergency marks a major shift in the U.S. response to the coronavirus. This change affects everything from health insurance coverage to data reporting. With the emergency declaration over, free access to COVID-19 tests, treatments, and vaccines may be limited, with costs shifting to individuals and private insurers. The article explains the practical implications of this transition for the American public and the healthcare system."
The Promise of mRNA Vaccines Beyond COVID-19,Health,"The success of mRNA vaccines for COVID-19 has opened up a new frontier in medicine, with researchers now exploring their potential for a wide range of other diseases. The flexibility of mRNA technology is being harnessed to develop vaccines for influenza, HIV, and even personalized cancer treatments. This article explores the immense promise of mRNA platforms to revolutionize vaccinology and treat conditions that were previously untreatable. It highlights the ongoing research and the potential for a new era of medicine."
Inside the White House's Strategy for the Summer Campaign Swing,Politics,"The White House is mapping out an aggressive summer campaign strategy for President Biden, focusing on travel to key swing states. The plan aims to directly communicate the administration's policy accomplishments, particularly on the economy and infrastructure, to voters. This effort is designed to draw a sharp contrast with his opponent and build momentum heading into the fall. The strategy involves a series of official events and campaign rallies intended to maximize local media coverage and engage with key demographic groups."
Congress Faces Renewed Pressure on Border Security Legislation,Politics,"Congress is facing renewed pressure to pass legislation addressing security at the U.S. southern border. A bipartisan Senate bill, which had previously failed, is being brought up for another vote. The legislation includes tougher asylum standards and funding for more border patrol agents and technology. However, it continues to face strong opposition, and its prospects for passage remain slim amid deep partisan divisions on immigration policy, especially in an election year."
House GOP Grapples With Internal Divisions Ahead of Key Votes,Politics,"House Republicans are struggling with deep internal divisions that are complicating their ability to pass key legislation. Factions within the party are at odds over spending levels, foreign policy, and legislative strategy. This infighting makes it difficult for the leadership to unify the conference and advance its agenda, even with a majority. The article highlights how these internal power struggles threaten to derail important votes and underscore the challenges of governing with a narrow and fractured majority."
UK Prime Minister Hints at Autumn General Election,Politics,"The UK Prime Minister has strongly hinted that a general election will be held in the autumn, ruling out a summer poll. This statement is intended to end speculation and provide some clarity on the political timeline. The governing Conservative Party is currently trailing the opposition Labour Party in the polls. The timing of the election is a critical strategic decision for the Prime Minister as he seeks to improve his party's standing before facing the voters."
U.S. and China Hold High-Level Talks to Manage Tensions,Politics,"Senior officials from the United States and China have held high-level talks aimed at managing the ongoing tensions between the two global powers. The discussions are part of an effort to maintain open lines of communication and prevent competition from escalating into conflict. Key topics included trade, Taiwan, and global security issues. While significant disagreements remain, both sides have expressed a desire to responsibly manage the relationship and find areas of potential cooperation."
The Battle for the Suburbs: How Key Swing Districts Will Decide the House,Politics,"The battle for control of the House of Representatives will likely be decided in a handful of suburban swing districts. These districts are politically diverse and often switch between parties from one election to the next. Both Democrats and Republicans are pouring vast resources into these areas, focusing on issues like the economy, abortion rights, and public safety. The outcome in these key suburban battlegrounds will be crucial in determining which party holds the majority in the next Congress."
Supreme Court Weighs Major Case on Federal Agency Power,Politics,"The Supreme Court is considering a major case that could significantly curtail the power of federal regulatory agencies. The case challenges a long-standing legal precedent known as the 'Chevron deference,' which instructs courts to defer to an agency's reasonable interpretation of ambiguous laws. Overturning this precedent would shift power from the executive branch to the judiciary and could make it much harder for agencies to regulate areas like the environment, public health, and the financial sector."
Misinformation and AI Emerge as Top Threats to 2024 Election,Politics,Election officials and security experts have identified misinformation and the malicious use of artificial intelligence as top threats to the 2024 election. There are growing concerns about the potential for AI-generated 'deepfakes' and other synthetic media to deceive voters and spread false narratives. These technologies make it easier to create convincing but fake audio and video content. Efforts are underway to develop detection tools and educate the public to counter this emerging threat to democratic integrity.
Defense Spending Bill Becomes Center of Partisan Fight,Politics,"The annual defense spending bill, known as the National Defense Authorization Act (NDAA), has become the center of a new partisan fight in Congress. Typically a bipartisan effort, the bill is now being loaded with controversial amendments related to social issues like abortion policy and diversity initiatives. These 'culture war' battles are threatening to derail the passage of the essential legislation, which authorizes funding for the military and sets defense policy."
European Union Debates New Sanctions Against Russia,Politics,"Leaders of the European Union are debating a new package of sanctions against Russia in response to its ongoing war in Ukraine. The discussions are focused on closing loopholes in existing sanctions and targeting sectors that help fund Russia's war effort, such as its energy industry. However, member states have differing views on how far to go, with some countries concerned about the economic impact on their own economies. Reaching a consensus on the new measures remains a challenge."
Trump's Influence on the GOP Remains Unshaken Amid Legal Woes,Politics,"Despite facing numerous legal challenges, Donald Trump's influence over the Republican Party remains strong and unshaken. He continues to hold a commanding lead in presidential primary polls and his endorsements are highly sought after by GOP candidates. The party's base remains loyal, and many Republican officials are reluctant to criticize him. This dynamic highlights the profound transformation of the GOP under Trump and his continued role as its dominant figure, regardless of his legal entanglements."
The Global Rise of Populism and Its Threat to Democratic Norms,Politics,"The rise of populism around the world is posing a significant threat to democratic norms and institutions. Populist leaders often challenge the legitimacy of independent judiciaries, a free press, and established electoral processes. They tend to centralize power and appeal directly to the public with nationalist and anti-establishment rhetoric. The article examines this global trend and its potential consequences for the future of liberal democracy in various countries."
Ukraine Aid Package Stalls in Congress Amid Border Policy Demands,Politics,"A critical aid package for Ukraine has stalled in the U.S. Congress due to a political standoff. Republican lawmakers are blocking the aid, demanding that it be tied to significant changes in U.S. border and immigration policy. The White House and Democrats have so far resisted these demands, leading to a deadlock. This impasse jeopardizes the continued flow of military and financial support to Ukraine at a crucial moment in its war against Russia."
How a Looming Government Shutdown Was Averted at the Last Minute,Politics,"Congress narrowly averted a government shutdown by passing a last-minute temporary funding bill. The deal was reached after weeks of tense negotiations and political brinkmanship. The stopgap measure, known as a continuing resolution, keeps the government funded at current levels for a short period, pushing the larger fight over the annual budget into the new year. The episode highlights the deep partisan divisions in Washington and the recurring difficulty in performing the basic function of funding the government."
"Mike Johnson Elected House Speaker, Ending Weeks of Chaos",Politics,"After weeks of chaos and multiple failed candidates, House Republicans elected Mike Johnson as the new Speaker of the House. His election ended a period of intense infighting and paralysis that had left the chamber unable to conduct business. Johnson, a conservative with a lower public profile than previous candidates, was able to unify the party's warring factions. His speakership marks a new chapter for the House GOP as it attempts to move forward with its legislative agenda."
State Legislatures Focus on Voting Laws Ahead of 2024,Politics,"State legislatures across the country are actively considering and passing new laws related to voting, setting the stage for the 2024 election. Republican-led states are largely focused on enacting stricter voting rules, such as new ID requirements and limitations on mail-in voting, citing concerns about election security. In contrast, Democratic-led states are generally moving to expand voting access by implementing policies like automatic voter registration and more early voting days. These divergent approaches create a patchwork of voting laws across the U.S."
The Role of Third-Party Candidates in the Presidential Race,Politics,"Third-party and independent candidates could play a significant role in the upcoming presidential election. In a potentially close race between the Democratic and Republican nominees, these candidates could draw enough votes to tip the outcome in key swing states. The article analyzes the potential impact of prominent third-party efforts, like those from No Labels and Robert F. Kennedy Jr. It discusses how they could appeal to disaffected voters from both major parties and act as spoilers."
NATO Allies Increase Defense Spending to Meet 2% Target,Politics,"In response to the war in Ukraine and heightened security concerns, many NATO allies are increasing their defense spending to meet the alliance's target of 2% of GDP. This renewed commitment to military investment marks a significant shift for several European nations that had previously underspent on defense. The increased spending is being directed towards modernizing military equipment, boosting troop readiness, and replenishing stocks of ammunition. The trend reflects a changed security landscape in Europe."
Debates Over DEI Programs Become a Political Flashpoint,Politics,"Diversity, Equity, and Inclusion (DEI) programs have become a major political flashpoint in the United States. Conservative activists and politicians are mounting a campaign against DEI initiatives in corporations, universities, and government, arguing they are divisive and discriminatory. Proponents of DEI contend that these programs are essential for addressing systemic inequality and creating more inclusive environments. This debate has become a central front in the nation's broader 'culture wars.'"
Inside the Campaigns' Digital Ad Spending Strategies,Politics,"This article provides an inside look at the digital advertising strategies of the major political campaigns. It analyzes how campaigns are spending millions on platforms like Facebook, Google, and TikTok to target specific groups of voters. The strategies involve sophisticated microtargeting, A/B testing of messages, and rapid response to news events. Digital ad spending has become a critical component of modern campaigning, allowing for precise and continuous communication with the electorate."
The Supreme Court's Impact on the 2024 Election,Politics,"The Supreme Court is set to have a significant impact on the 2024 election, with several major cases on its docket that touch on politically sensitive issues. Rulings on cases related to voting rights, administrative power, and social issues could energize voters and become major campaign topics. The Court's decisions have the potential to reshape the legal and political landscape just as the election cycle intensifies. Both parties are closely watching the Court and preparing to use its rulings to their political advantage."
US Foreign Policy Challenges in the Middle East,Politics,"U.S. foreign policy is facing a complex set of challenges in the Middle East. These include managing the ongoing threat from Iran, navigating the Israeli-Palestinian conflict, and balancing relationships with key Arab partners like Saudi Arabia. The U.S. is trying to maintain stability in the region while also pivoting its strategic focus to competition with China and Russia. This delicate balancing act requires careful diplomacy and a clear understanding of the region's intricate dynamics."
China's Expanding Influence in Africa and Latin America,Politics,"China is systematically expanding its economic and political influence in Africa and Latin America through trade, investment, and infrastructure projects under its Belt and Road Initiative. This growing presence is challenging the traditional influence of the United States and Europe in these regions. While China's engagement brings development opportunities, it also raises concerns about debt sustainability and China's strategic intentions. This shift is a key element of the evolving global geopolitical landscape."
The Fight Over Book Bans in Schools and Libraries,Politics,"A contentious political fight is being waged over book bans in public schools and libraries across the United States. Conservative groups are challenging hundreds of books, often those dealing with race, gender, and sexuality, arguing they are inappropriate for children. In response, free speech advocates, librarians, and authors are fighting back, arguing that these bans amount to censorship and harm students by limiting their access to diverse perspectives. This issue has become a heated front in the nation's culture wars."
How Young Voters are Shaping the Political Landscape,Politics,"Young voters are playing an increasingly influential role in shaping the American political landscape. This demographic, which tends to be more progressive on issues like climate change, gun control, and social justice, is becoming a key constituency for the Democratic Party. Their high turnout in recent elections has been decisive in several key races. Both parties are developing strategies to engage with and win the support of this powerful and growing voting bloc."
Federal Judgeships Become a Key Political Battleground,Politics,"The appointment of federal judges has become a key political battleground in Washington. With lifetime appointments, these judges have the power to shape American law for decades. The Biden administration and Senate Democrats have been focused on confirming judges at a rapid pace, prioritizing diversity in their selections. Republicans, who successfully appointed a large number of conservative judges under President Trump, are now working to block or slow down Biden's nominees. This fight has profound long-term implications for the country."
Bipartisan Efforts on AI Regulation Face Hurdles,Politics,"There is a bipartisan desire in Congress to regulate artificial intelligence, but efforts to do so are facing significant hurdles. Lawmakers are struggling with the complexity of the technology and the rapid pace of its development. There is disagreement on the best approach, with some favoring a light touch to encourage innovation and others calling for strong guardrails to mitigate risks. Reaching a legislative consensus on this complex issue is proving to be a major challenge."
The Political Implications of a Shifting US Economy,Politics,"The shifting U.S. economy is having major political implications. Issues like persistent inflation, rising interest rates, and the resilience of the job market are top of mind for voters. The Biden administration is trying to convince the public that its economic policies are working, a message it calls 'Bidenomics.' Republicans, meanwhile, are blaming the administration's spending for high prices. Voters' perceptions of their own financial situation will be a key factor in the upcoming elections."
G7 Leaders Confront Global Economic and Security Issues,Politics,"Leaders of the Group of Seven (G7) nations met to confront a range of pressing global issues, including economic security, the war in Ukraine, and competition with China. The summit focused on coordinating their strategies to de-risk, but not decouple, from the Chinese economy. They also pledged continued, unwavering support for Ukraine and discussed ways to enforce sanctions against Russia. The meeting highlighted the efforts of leading democracies to present a united front on major international challenges."
The Politics of Climate Change and Green Energy Transitions,Politics,"The politics of climate change and the transition to green energy are becoming increasingly contentious. While there is broad scientific consensus on the need for action, political debates rage over the speed and cost of the transition. The article discusses the challenges of phasing out fossil fuels, the economic impact on communities, and the partisan divisions over climate policy. These political obstacles are a major barrier to implementing the changes needed to meet international climate targets."
Tracking Key Senate Races That Could Flip the Majority,Politics,"This article tracks the key U.S. Senate races that will determine which party controls the chamber after the next election. With the Senate majority hanging in the balance, a small number of competitive races in states like Montana, Ohio, and Arizona are drawing intense national attention and massive campaign spending. The outcomes in these battleground states will have a profound impact on the next president's ability to pass legislation and confirm nominees."
Social Media Platforms Brace for Election Interference,Politics,"Social media platforms are bracing for a new wave of election interference ahead of the 2024 vote. Having learned from past elections, companies like Meta and X (formerly Twitter) are updating their policies and enforcement mechanisms. However, they face new challenges from rapidly advancing AI technology, which can be used to create sophisticated disinformation. The article explores the measures being taken and the ongoing debate about the role and responsibility of these platforms in protecting election integrity."
US Infrastructure Law: Where the Money is Going,Politics,"The bipartisan infrastructure law passed in 2021 is now funding thousands of projects across the United States. This report tracks where the money is going, highlighting investments in roads, bridges, public transit, clean water systems, and broadband internet. The Biden administration is actively promoting these projects to showcase the tangible benefits of the legislation. The law represents one of the most significant federal investments in the nation's infrastructure in decades."
The Ongoing Debate over Judicial Ethics and Reform,Politics,"Recent ethics controversies involving Supreme Court justices have sparked an ongoing and intense debate over judicial ethics and reform. Critics are calling for the Court to adopt a binding code of conduct, similar to what lower court judges must follow. They argue it is necessary to restore public trust in the institution. However, some justices and conservatives have resisted these calls, arguing it would threaten judicial independence. This debate over the Court's accountability is a major political issue."
How Political Polarization is Affecting Local Governance,Politics,"Deep political polarization at the national level is increasingly trickling down and affecting local governance. Non-partisan positions on school boards and city councils are becoming highly politicized, with national 'culture war' issues dominating local debates. This trend is leading to increased conflict and gridlock in communities, making it harder to address local issues like zoning and public services. The article explores how hyper-partisanship is changing the nature of local government in America."
US-India Relations Strengthen Amid Shared Concerns Over China,Politics,"The relationship between the United States and India is strengthening as both democracies share growing concerns about China's assertiveness in the Indo-Pacific region. This strategic alignment has led to increased cooperation in defense, technology, and trade. The U.S. views a strong India as a critical counterweight to China's influence. The article details the key areas of this deepening partnership and its significance in the broader context of global geopolitical competition."
The Latino Vote: A Diverse and Crucial Electorate,Politics,"The Latino vote is not a monolith but a diverse and crucial electorate that both political parties are trying to win over. While historically leaning Democratic, recent trends have shown a shift among some Latino voters, particularly men, toward the Republican Party. The article analyzes the different priorities of Latino voters based on their national origin, age, and location. Understanding this diversity is key for any campaign seeking to win the support of this rapidly growing demographic."
Congressional Hearings on Big Tech and Antitrust,Politics,"Big Tech companies are facing intense scrutiny in a series of congressional hearings focused on antitrust issues. Lawmakers from both parties are questioning the market power and competitive practices of companies like Google, Amazon, and Apple. The hearings are part of a broader effort by the government, including the Justice Department and the FTC, to rein in the power of these tech giants. The debate centers on whether these companies have become monopolies that stifle competition and harm consumers."
The State of the US-Mexico Border,Politics,"This article provides an overview of the complex and challenging situation at the U.S.-Mexico border. It details the record numbers of migrants arriving, the humanitarian challenges, and the political pressures on the Biden administration. The end of the Title 42 public health order, which allowed for rapid expulsions, has created new complexities. The report discusses the administration's policies, the strain on border communities, and the ongoing political debate over immigration reform."
Campaign Finance Filings Reveal Fundraising Arms Race,Politics,"The latest campaign finance filings reveal a massive fundraising arms race underway for the upcoming elections. Candidates, political parties, and Super PACs are raising and spending hundreds of millions of dollars. The reports provide a window into which candidates have strong grassroots support and which are being heavily backed by wealthy donors and special interests. This early fundraising success is often a key indicator of a campaign's viability and strength."
The Future of the Republican Party Post-Trump,Politics,"The Republican Party is grappling with its future in the post-Trump era, even as Donald Trump remains a dominant force. The article explores the internal debate within the GOP between those who want to move on from Trump and his style of politics and those who remain fiercely loyal. This struggle for the party's soul is playing out in primaries and policy debates. The outcome will determine the direction of the Republican Party for years to come."
Global Democracy Index Shows Worrisome Trends,Politics,"A recent Global Democracy Index report reveals worrisome trends for democratic health around the world. The report shows a decline in democratic standards in many countries, a phenomenon known as 'democratic backsliding.' Factors contributing to this trend include the rise of authoritarian leaders, erosion of civil liberties, and increased political polarization. The findings highlight the fragility of democracy and the growing challenges it faces globally."
The Political Fallout from the War in Ukraine,Politics,"The war in Ukraine has had significant political fallout, reshaping European security and global alliances. It has revitalized the NATO alliance, prompted traditionally neutral countries to seek membership, and led to unprecedented sanctions against Russia. The conflict has also triggered a global energy and food crisis. The article analyzes the long-term political and strategic consequences of the war, which has fundamentally altered the post-Cold War international order."
How State Attorneys General are Wielding National Influence,Politics,"State attorneys general (AGs) have become powerful and influential figures on the national political stage. Both Democratic and Republican AGs are using their offices to sue the federal government and launch multi-state lawsuits on major policy issues like immigration, environmental regulations, and healthcare. They often act as a check on presidential power and advance their party's agenda through the legal system. This trend has transformed the role of state AGs into one with significant national impact."
A Look at the Most Competitive Gubernatorial Races,Politics,"This article provides a look at the most competitive gubernatorial races taking place across the country. These contests for governor's mansions are important as governors have significant power over state policy and budgets. The races often serve as a testing ground for national political messages and can be an indicator of broader political trends. The report highlights the key candidates, the major issues in each race, and which states are considered top political battlegrounds."
The Role of Political Polling in an Era of Distrust,Politics,"Political polling is facing a crisis of confidence in an era of widespread public distrust. In recent election cycles, polls have often failed to accurately predict outcomes, leading to questions about their methods and reliability. Pollsters are grappling with challenges like declining response rates and the difficulty of reaching a representative sample of the electorate. The article explores the role of polling in modern politics and the efforts being made to improve its accuracy in a changing society."
US Agencies Work to Counter Foreign Disinformation Campaigns,Politics,"U.S. government agencies, including the State Department and intelligence community, are working to counter sophisticated foreign disinformation campaigns aimed at influencing American public opinion. Adversaries like Russia and China use social media and state-run news outlets to spread false narratives, sow division, and undermine trust in democratic institutions. The U.S. response involves exposing these campaigns, promoting media literacy, and working with social media companies to combat the spread of disinformation."
Brexit's Lingering Impact on the UK Economy and Politics,Politics,"Years after the United Kingdom formally left the European Union, Brexit continues to have a lingering and significant impact on the UK's economy and politics. The country has experienced slower economic growth compared to its peers, and trade with the EU has been hampered by new barriers. The political debate over Brexit's consequences is ongoing, with polls showing that a majority of the public now believes leaving the EU was a mistake. The issue continues to shape the UK's political landscape."
The Partisan Divide Over the National Debt,Politics,"The issue of the national debt is a source of deep partisan division in Washington. Republicans and Democrats are locked in a contentious debate over how to address the country's rising debt level. Republicans are demanding significant spending cuts as a condition for raising the debt ceiling, a necessary step to avoid a U.S. default. Democrats are insisting on a 'clean' debt ceiling increase without preconditions. This political standoff creates economic uncertainty and risks a major financial crisis."
The Final Push: What to Watch in the Last Weeks of the Campaign,Politics,"As a political campaign enters its final weeks, this article outlines the key dynamics and factors to watch. This 'final push' period is characterized by intense activity, including a flurry of advertising, rallies, and get-out-the-vote efforts. The focus shifts to mobilizing core supporters and persuading the small number of undecided voters in key battleground areas. The analysis highlights which candidate has momentum and what last-minute events could potentially alter the outcome of the race."